Scenario,Total Units
Base,4950.071834607196
PriceCut (-10%),4664.552246159795
PromoBoost,5644.382861101256
